{
  "binary": "jscript9",
  "metadata": {
    "arch": "amd64",
    "console_log": "console.log",
    "dist_size": 5873664,
    "engine": "jscript9",
    "version": "11.0.16428"
  },
  "time": "2026-03-03 20:42:24.809418 UTC",
  "benchmarks": {
    "DeltaBlue": {
      "score": [5091, 5157, 4800],
      "user": [2.25, 2.22, 2.18],
      "sys": [1.65, 1.67, 1.66],
      "real": [4.41, 3.58, 3.61],
      "rss_mb": [111.07, 114.82, 108.15]
    },
    "CodeLoad": {
      "score": [10772, 9800, 10680],
      "user": [2.38, 2.34, 2.39],
      "sys": [1.29, 1.52, 1.32],
      "real": [3.61, 4.68, 4.84],
      "rss_mb": [285.69, 285.2, 284.64]
    },
    "zlib": {
      "score": [23707],
      "user": [7.83],
      "sys": [1.07],
      "real": [8.54],
      "rss_mb": [263.72]
    },
    "Crypto": {
      "score": [25276],
      "user": [4.48],
      "sys": [1.28],
      "real": [6.18],
      "rss_mb": [107.74]
    },
    "RayTrace": {
      "score": [776, 761, 691, 750, 715],
      "user": [2.72, 3.62, 2.48, 2.82, 2.91],
      "sys": [4.39, 5.68, 4.45, 4.65, 4.64],
      "real": [6.39, 8.12, 5.22, 7.28, 6.95],
      "rss_mb": [100.71, 198.27, 219.75, 101.84, 145.62]
    },
    "Typescript": {
      "score": [14873, 16980],
      "user": [6.7, 5.83],
      "sys": [6.37, 5.47],
      "real": [11.59, 9.88],
      "rss_mb": [326.47, 264.0]
    },
    "Richards": {
      "score": [9083, 9415],
      "user": [2.61, 2.59],
      "sys": [0.5, 0.51],
      "real": [4.23, 4.42],
      "rss_mb": [69.06, 69.14]
    },
    "RegExp": {
      "score": [1060, 1011],
      "user": [3.14, 3.34],
      "sys": [3.12, 3.21],
      "real": [5.4, 9.07],
      "rss_mb": [114.82, 125.92]
    },
    "PdfJS": {
      "score": [5667, 5683, 5641],
      "user": [1.46, 1.39, 1.38],
      "sys": [1.46, 1.44, 1.43],
      "real": [3.67, 3.55, 3.35],
      "rss_mb": [130.82, 118.24, 119.29]
    },
    "Splay": {
      "score": [994, 509],
      "user": [1.41, 1.57],
      "sys": [2.72, 2.94],
      "real": [3.48, 4.86],
      "rss_mb": [416.34, 344.69]
    },
    "SplayLatency": {
      "score": [3034, 2105],
      "user": [1.41, 1.57],
      "sys": [2.72, 2.94],
      "real": [3.48, 4.86],
      "rss_mb": [416.34, 344.69]
    },
    "Mandreel": {
      "score": [12365, 11759],
      "user": [2.17, 2.1],
      "sys": [0.44, 0.68],
      "real": [4.51, 4.04],
      "rss_mb": [114.21, 110.38]
    },
    "MandreelLatency": {
      "score": [23405, 17741],
      "user": [2.17, 2.1],
      "sys": [0.44, 0.68],
      "real": [4.51, 4.04],
      "rss_mb": [114.21, 110.38]
    },
    "Box2D": {
      "score": [9578],
      "user": [1.63],
      "sys": [0.96],
      "real": [3.08],
      "rss_mb": [113.21]
    },
    "NavierStokes": {
      "score": [31726, 31546],
      "user": [2.62, 2.63],
      "sys": [0.47, 0.42],
      "real": [4.17, 3.56],
      "rss_mb": [69.07, 69.24]
    },
    "Gameboy": {
      "score": [31440, 31585],
      "user": [1.67, 1.62],
      "sys": [0.75, 0.78],
      "real": [3.91, 3.52],
      "rss_mb": [117.07, 117.45]
    },
    "EarleyBoyer": {
      "score": [3874, 4023, 4672],
      "user": [2.95, 2.34, 1.99],
      "sys": [5.62, 5.32, 4.13],
      "real": [7.7, 5.79, 4.76],
      "rss_mb": [340.75, 341.96, 379.12]
    }
  }
}
