{
  "binary": "hako_wasmtime_go",
  "metadata": {
    "arch": "arm64",
    "binary_sha256": "b7a697db5b90374eb68d2c73323e96f71e9db4174a33ea120e817ada9ea16eb7",
    "binary_size": 24438136,
    "console_log": "console.log",
    "engine": "hako",
    "go": "1.26.0",
    "variant": "wasmtime_go"
  },
  "time": "2026-03-03 21:35:27.036000 UTC",
  "benchmarks": {
    "RayTrace": {
      "score": [975, 976, 977, 973],
      "user": [5.18, 5.14, 5.13, 5.18],
      "sys": [0.05, 0.03, 0.05, 0.03],
      "real": [4.55, 4.51, 4.51, 4.55],
      "rss_mb": [95.42, 91.73, 96.52, 88.39]
    },
    "Typescript": {
      "score": [9055, 9017, 8960, 9055, 9088, 8950, 8719, 8789, 8713],
      "user": [15.23, 15.3, 15.43, 15.22, 15.14, 15.43, 15.88, 15.73, 15.88],
      "sys": [0.06, 0.08, 0.08, 0.07, 0.07, 0.07, 0.08, 0.07, 0.1],
      "real": [14.65, 14.7, 14.81, 14.64, 14.54, 14.82, 15.26, 15.1, 15.25],
      "rss_mb": [168.48, 189.36, 192.59, 181.05, 192.44, 187.22, 178.3, 189.16, 184.02]
    },
    "Gameboy": {
      "score": [4572, 4546, 4584],
      "user": [3.3, 3.28, 3.24],
      "sys": [0.05, 0.04, 0.04],
      "real": [2.66, 2.65, 2.61],
      "rss_mb": [110.8, 109.43, 101.65]
    },
    "CodeLoad": {
      "score": [11174, 11269, 11686, 11156],
      "user": [3.01, 2.99, 2.91, 3.03],
      "sys": [0.05, 0.07, 0.06, 0.06],
      "real": [2.35, 2.38, 2.33, 2.39],
      "rss_mb": [124.52, 137.17, 128.62, 127.64]
    },
    "zlib": {
      "score": [1342, 1342],
      "user": [114.79, 114.75],
      "sys": [0.09, 0.07],
      "real": [114.21000000000001, 114.18],
      "rss_mb": [229.29, 211.78]
    },
    "Splay": {
      "score": [2052, 1999, 1927, 2058],
      "user": [3.47, 3.52, 3.59, 3.43],
      "sys": [0.06, 0.06, 0.06, 0.07],
      "real": [2.9, 2.92, 2.97, 2.88],
      "rss_mb": [192.23, 200.41, 197.04, 191.53]
    },
    "SplayLatency": {
      "score": [6311, 5973, 5302, 7000],
      "user": [3.47, 3.52, 3.59, 3.43],
      "sys": [0.06, 0.06, 0.06, 0.07],
      "real": [2.9, 2.92, 2.97, 2.88],
      "rss_mb": [192.23, 200.41, 197.04, 191.53]
    },
    "DeltaBlue": {
      "score": [657, 654, 653],
      "user": [2.9, 2.96, 2.91],
      "sys": [0.04, 0.05, 0.04],
      "real": [2.29, 2.3, 2.27],
      "rss_mb": [89.45, 95.7, 98.73]
    },
    "PdfJS": {
      "score": [2221, 2333, 2330, 2334],
      "user": [3.91, 3.79, 3.81, 3.77],
      "sys": [0.05, 0.03, 0.04, 0.05],
      "real": [3.31, 3.16, 3.17, 3.15],
      "rss_mb": [108.42, 107.49, 114.21, 117.92]
    },
    "Crypto": {
      "score": [650, 651, 650],
      "user": [10.34, 10.32, 10.34],
      "sys": [0.04, 0.05, 0.04],
      "real": [9.7, 9.7, 9.72],
      "rss_mb": [94.69, 98.4, 86.69]
    },
    "Box2D": {
      "score": [2543, 2541, 2548, 2548],
      "user": [3.07, 3.08, 3.08, 3.06],
      "sys": [0.04, 0.04, 0.04, 0.05],
      "real": [2.46, 2.45, 2.43, 2.43],
      "rss_mb": [101.33, 91.12, 99.84, 96.97]
    },
    "RegExp": {
      "score": [309, 309, 309],
      "user": [7.14, 7.16, 7.12],
      "sys": [0.04, 0.03, 0.05],
      "real": [6.5, 6.49, 6.51],
      "rss_mb": [89.91, 102.62, 95.02]
    },
    "Mandreel": {
      "score": [627, 630, 631],
      "user": [14.03, 13.99, 13.94],
      "sys": [0.06, 0.05, 0.05],
      "real": [13.42, 13.35, 13.34],
      "rss_mb": [157.96, 151.7, 158.71]
    },
    "MandreelLatency": {
      "score": [4970, 4975, 4985],
      "user": [14.03, 13.99, 13.94],
      "sys": [0.06, 0.05, 0.05],
      "real": [13.42, 13.35, 13.34],
      "rss_mb": [157.96, 151.7, 158.71]
    },
    "Richards": {
      "score": [677, 678, 672, 676],
      "user": [2.92, 2.9, 2.95, 2.92],
      "sys": [0.04, 0.04, 0.04, 0.03],
      "real": [2.28, 2.29, 2.32, 2.29],
      "rss_mb": [90.66, 87.73, 92.53, 82.79]
    },
    "NavierStokes": {
      "score": [1142, 1144],
      "user": [4.01, 4.02],
      "sys": [0.04, 0.04],
      "real": [3.39, 3.39],
      "rss_mb": [102.83, 94.66]
    },
    "EarleyBoyer": {
      "score": [1296, 1296],
      "user": [10.86, 10.77],
      "sys": [0.03, 0.04],
      "real": [10.23, 10.16],
      "rss_mb": [87.61, 97.5]
    }
  }
}
