{
  "binary": "mujs_babel",
  "metadata": {
    "arch": "arm64",
    "console_log": "console.log",
    "dist_size": 24131824,
    "engine": "mujs",
    "variant": "babel"
  },
  "time": "2026-03-03 21:39:40.323674 UTC",
  "benchmarks": {
    "NavierStokes": {
      "score": [644, 644, 644, 644],
      "user": [6.91, 6.93, 7.0, 6.9],
      "sys": [0.22, 0.23, 0.28, 0.2],
      "real": [6.68, 6.7, 7.05, 6.67],
      "rss_mb": [217.4, 217.44, 216.73, 219.15]
    },
    "Gameboy": {
      "error": "Exit code: 137",
      "user": [68.74, 68.74, 67.53, 67.93, 68.1],
      "sys": [7.39, 6.59, 6.5, 5.97, 6.5],
      "real": [167.12, 104.09, 133.47, 92.75999999999999, 136.49],
      "rss_mb": [15441.72, 15429.73, 15421.09, 15388.26, 15401.82]
    },
    "DeltaBlue": {
      "score": [479, 479],
      "user": [3.21, 3.19],
      "sys": [0.23, 0.25],
      "real": [2.96, 2.97],
      "rss_mb": [233.16, 225.39]
    },
    "RegExp": {
      "error": "RegExp: Error: Wrong checksum.",
      "user": [2.07, 2.25, 2.17, 2.11, 2.08],
      "sys": [0.31, 0.3, 0.31, 0.29, 0.26],
      "real": [1.67, 1.79, 1.73, 1.67, 1.66],
      "rss_mb": [297.81, 300.17, 301.28, 304.12, 298.16]
    },
    "Crypto": {
      "score": [259, 259, 258, 259],
      "user": [18.99, 18.97, 19.14, 19.07],
      "sys": [0.24, 0.26, 0.24, 0.3],
      "real": [18.64, 18.63, 18.73, 18.73],
      "rss_mb": [270.32, 271.56, 272.88, 269.16]
    },
    "EarleyBoyer": {
      "error": "\u001b[1m\u001b[31m[!] \u001b[1m(plugin commonjs--resolver) SyntaxError: /tmp/mujs_babel-earley-boyer-40pm7we5/earley-boyer.js: The only valid numeric escape in strict mode is '\\0'. (1497:6)",
      "user": [15.69, 16.99, 17.19, 15.8],
      "sys": [0.13, 0.13, 0.15, 0.14],
      "real": [15.74, 17.04, 17.26, 15.87],
      "rss_mb": [117.08, 115.7, 116.7, 115.52]
    },
    "RayTrace": {
      "score": [555, 558],
      "user": [6.5, 6.51],
      "sys": [0.23, 0.22],
      "real": [6.25, 6.23],
      "rss_mb": [236.85, 232.07]
    },
    "Splay": {
      "score": [1472, 1521, 1467, 1395],
      "user": [4.11, 4.05, 4.14, 4.23],
      "sys": [0.44, 0.42, 0.42, 0.44],
      "real": [4.08, 4.02, 4.08, 4.17],
      "rss_mb": [757.15, 782.78, 754.64, 734.53]
    },
    "SplayLatency": {
      "score": [3240, 3361, 3229, 3029],
      "user": [4.11, 4.05, 4.14, 4.23],
      "sys": [0.44, 0.42, 0.42, 0.44],
      "real": [4.08, 4.02, 4.08, 4.17],
      "rss_mb": [757.15, 782.78, 754.64, 734.53]
    },
    "Typescript": {
      "error": "\u001b[1m\u001b[31m[!] \u001b[1m(plugin commonjs--resolver) SyntaxError: /tmp/mujs_babel-typescript-1v3kbo51/typescript.js: Binding 'arguments' in strict mode. (1930:50)",
      "user": [0.49, 0.5],
      "sys": [0.1, 0.11],
      "real": [0.47, 0.49],
      "rss_mb": [123.66, 120.05]
    },
    "Box2D": {
      "score": [491, 496],
      "user": [11.61, 11.61],
      "sys": [0.33, 0.27],
      "real": [10.8, 10.74],
      "rss_mb": [332.23, 326.31]
    },
    "Richards": {
      "score": [324, 325],
      "user": [3.21, 3.19],
      "sys": [0.28, 0.22],
      "real": [3.27, 2.95],
      "rss_mb": [215.37, 215.5]
    },
    "PdfJS": {
      "error": "SyntaxError: jump address integer overflowundefined",
      "user": [5.4, 5.41, 5.33],
      "sys": [0.62, 0.6, 0.57],
      "real": [3.93, 3.91, 3.85],
      "rss_mb": [755.77, 779.35, 757.24]
    },
    "Mandreel": {
      "error": "\u001b[1m\u001b[31m[!] \u001b[1m(plugin commonjs--resolver) SyntaxError: /tmp/mujs_babel-mandreel-oxosy39l/mandreel.js: Identifier 'assert' has already been declared. (3804:9)",
      "user": [0.65, 0.68],
      "sys": [0.15, 0.14],
      "real": [0.68, 0.69],
      "rss_mb": [144.01, 148.69]
    },
    "MandreelLatency": {
      "error": "\u001b[1m\u001b[31m[!] \u001b[1m(plugin commonjs--resolver) SyntaxError: /tmp/mujs_babel-mandreel-oxosy39l/mandreel.js: Identifier 'assert' has already been declared. (3804:9)",
      "user": [0.65, 0.68],
      "sys": [0.15, 0.14],
      "real": [0.68, 0.69],
      "rss_mb": [144.01, 148.69]
    },
    "CodeLoad": {
      "error": "EvalError: /tmp/tmp.bHVbyTLkZL.js:4377: invalid use of 'eval'undefined",
      "user": [1.34],
      "sys": [0.26],
      "real": [1.07],
      "rss_mb": [244.64]
    },
    "zlib": {
      "error": "\u001b[1m\u001b[31m[!] \u001b[1m(plugin commonjs--resolver) SyntaxError: /tmp/mujs_babel-zlib-twfmp4zs/zlib.js: Deleting local variable in strict mode. (471:2)",
      "user": [0.39],
      "sys": [0.11],
      "real": [0.43],
      "rss_mb": [113.88]
    }
  }
}
